area,path,title,authors,year,venue,type,doi,stable_url,source,selection_note,version
AI foundations,01 foundations,Computer science as empirical inquiry,Allen Newell; Herbert A. Simon,1976,Communications of the ACM,journal-article,10.1145/360018.360022,https://doi.org/10.1145/360018.360022,Crossref API DOI record,Provisional educational/historical selection; publisher version review pending,published DOI record; original-version relationship pending review
AI foundations,01 foundations,Learning representations by back-propagating errors,David E. Rumelhart; Geoffrey E. Hinton; Ronald J. Williams,1986,Nature,journal-article,10.1038/323533a0,https://doi.org/10.1038/323533a0,Crossref API DOI record,Provisional educational/historical selection; publisher version review pending,published DOI record; original-version relationship pending review
AI foundations,01 foundations,A tutorial on hidden Markov models and selected applications in speech recognition,L.R. Rabiner,1989,Proceedings of the IEEE,journal-article,10.1109/5.18626,https://doi.org/10.1109/5.18626,Crossref API DOI record,Provisional educational/historical selection; publisher version review pending,published DOI record; original-version relationship pending review
AI foundations,01 foundations,Q-learning,Christopher J. C. H. Watkins; Peter Dayan,1992,Machine Learning,journal-article,10.1007/bf00992698,https://doi.org/10.1007/bf00992698,Crossref API DOI record,Provisional educational/historical selection; publisher version review pending,published DOI record; original-version relationship pending review
AI foundations,01 foundations,Support-vector networks,Corinna Cortes; Vladimir Vapnik,1995,Machine Learning,journal-article,10.1007/bf00994018,https://doi.org/10.1007/bf00994018,Crossref API DOI record,Provisional educational/historical selection; publisher version review pending,published DOI record; original-version relationship pending review
AI foundations,01 foundations,Bagging Predictors,Leo Breiman,1996,Machine Learning,journal-article,10.1023/a:1018054314350,https://doi.org/10.1023/a:1018054314350,Crossref API DOI record,Provisional educational/historical selection; publisher version review pending,published DOI record; original-version relationship pending review
AI foundations,01 foundations,Long Short-Term Memory,Sepp Hochreiter; Jürgen Schmidhuber,1997,Neural Computation,journal-article,10.1162/neco.1997.9.8.1735,https://doi.org/10.1162/neco.1997.9.8.1735,Crossref API DOI record,Provisional educational/historical selection; publisher version review pending,published DOI record; original-version relationship pending review
AI foundations,01 foundations,Greedy function approximation: A gradient boosting machine.,Jerome H. Friedman,2001,The Annals of Statistics,journal-article,10.1214/aos/1013203451,https://doi.org/10.1214/aos/1013203451,Crossref API DOI record,Provisional educational/historical selection; publisher version review pending,published DOI record; original-version relationship pending review
AI foundations,01 foundations,Random Forests,Leo Breiman,2001,Machine Learning,journal-article,10.1023/a:1010933404324,https://doi.org/10.1023/a:1010933404324,Crossref API DOI record,Provisional educational/historical selection; publisher version review pending,published DOI record; original-version relationship pending review
AI foundations,01 foundations,Human-level control through deep reinforcement learning,Volodymyr Mnih; Koray Kavukcuoglu; David Silver; Andrei A. Rusu; Joel Veness; Marc G. Bellemare; Alex Graves; Martin Riedmiller; Andreas K. Fidjeland; Georg Ostrovski; Stig Petersen; Charles Beattie; Amir Sadik; Ioannis Antonoglou; Helen King; Dharshan Kumaran; Daan Wierstra; Shane Legg; Demis Hassabis,2015,Nature,journal-article,10.1038/nature14236,https://doi.org/10.1038/nature14236,Crossref API DOI record,Provisional educational/historical selection; publisher version review pending,published DOI record; original-version relationship pending review
AI foundations,01 foundations,Mastering the game of Go with deep neural networks and tree search,David Silver; Aja Huang; Chris J. Maddison; Arthur Guez; Laurent Sifre; George van den Driessche; Julian Schrittwieser; Ioannis Antonoglou; Veda Panneershelvam; Marc Lanctot; Sander Dieleman; Dominik Grewe; John Nham; Nal Kalchbrenner; Ilya Sutskever; Timothy Lillicrap; Madeleine Leach; Koray Kavukcuoglu; Thore Graepel; Demis Hassabis,2016,Nature,journal-article,10.1038/nature16961,https://doi.org/10.1038/nature16961,Crossref API DOI record,Provisional educational/historical selection; publisher version review pending,published DOI record; original-version relationship pending review
AI foundations,01 foundations,Language Models are Few-Shot Learners,"Brown, Tom; Mann, Benjamin; Ryder, Nick; Subbiah, Melanie; Kaplan, Jared D; Dhariwal, Prafulla; Neelakantan, Arvind; Shyam, Pranav; Sastry, Girish; Askell, Amanda; Agarwal, Sandhini; Herbert-Voss, Ariel; Krueger, Gretchen; Henighan, Tom; Child, Rewon; Ramesh, Aditya; Ziegler, Daniel; Wu, Jeffrey; Winter, Clemens; Hesse, Chris; Chen, Mark; Sigler, Eric; Litwin, Mateusz; Gray, Scott; Chess, Benjamin; Clark, Jack; Berner, Christopher; McCandlish, Sam; Radford, Alec; Sutskever, Ilya; Amodei, Dario",2020,Advances in Neural Information Processing Systems,proceedings-article,,https://proceedings.neurips.cc/paper_files/paper/2020/hash/1457c0d6bfcb4967418bfb8ac142f64a-Abstract.html,NeurIPS official proceedings metadata,Publisher page verified; no DOI claimed,original conference proceedings page
Deep learning,02 networks,Backpropagation Applied to Handwritten Zip Code Recognition,Y. LeCun; B. Boser; J. S. Denker; D. Henderson; R. E. Howard; W. Hubbard; L. D. Jackel,1989,Neural Computation,journal-article,10.1162/neco.1989.1.4.541,https://doi.org/10.1162/neco.1989.1.4.541,Crossref API DOI record,Provisional educational/historical selection; publisher version review pending,published DOI record; original-version relationship pending review
Deep learning,02 networks,Gradient-based learning applied to document recognition,Y. Lecun; L. Bottou; Y. Bengio; P. Haffner,1998,Proceedings of the IEEE,journal-article,10.1109/5.726791,https://doi.org/10.1109/5.726791,Crossref API DOI record,Provisional educational/historical selection; publisher version review pending,published DOI record; original-version relationship pending review
Deep learning,02 networks,A Fast Learning Algorithm for Deep Belief Nets,Geoffrey E. Hinton; Simon Osindero; Yee-Whye Teh,2006,Neural Computation,journal-article,10.1162/neco.2006.18.7.1527,https://doi.org/10.1162/neco.2006.18.7.1527,Crossref API DOI record,Provisional educational/historical selection; publisher version review pending,published DOI record; original-version relationship pending review
Deep learning,02 networks,Reducing the Dimensionality of Data with Neural Networks,G. E. Hinton; R. R. Salakhutdinov,2006,Science,journal-article,10.1126/science.1127647,https://doi.org/10.1126/science.1127647,Crossref API DOI record,Provisional educational/historical selection; publisher version review pending,published DOI record; original-version relationship pending review
Deep learning,02 networks,ImageNet Classification with Deep Convolutional Neural Networks,"Krizhevsky, Alex; Sutskever, Ilya; Hinton, Geoffrey E.",2012,Advances in Neural Information Processing Systems,proceedings-article,,https://proceedings.neurips.cc/paper_files/paper/2012/hash/c399862d3b9d6b76c8436e924a68c45b-Abstract.html,NeurIPS official proceedings metadata,Publisher page verified; no DOI claimed,original conference proceedings page
Deep learning,02 networks,Distributed Representations of Words and Phrases and their Compositionality,"Mikolov, Tomas; Sutskever, Ilya; Chen, Kai; Corrado, Greg S.; Dean, Jeff",2013,Advances in Neural Information Processing Systems,proceedings-article,,https://proceedings.neurips.cc/paper_files/paper/2013/hash/9aa42b31882ec039965f3c4923ce901b-Abstract.html,NeurIPS official proceedings metadata,Publisher page verified; no DOI claimed,original conference proceedings page
Deep learning,02 networks,Generative Adversarial Nets,"Goodfellow, Ian J.; Pouget-Abadie, Jean; Mirza, Mehdi; Xu, Bing; Warde-Farley, David; Ozair, Sherjil; Courville, Aaron; Bengio, Yoshua",2014,Advances in Neural Information Processing Systems,proceedings-article,,https://proceedings.neurips.cc/paper_files/paper/2014/hash/f033ed80deb0234979a61f95710dbe25-Abstract.html,NeurIPS official proceedings metadata,Publisher page verified; no DOI claimed,original conference proceedings page
Deep learning,02 networks,Sequence to Sequence Learning with Neural Networks,"Sutskever, Ilya; Vinyals, Oriol; Le, Quoc V.",2014,Advances in Neural Information Processing Systems,proceedings-article,,https://proceedings.neurips.cc/paper_files/paper/2014/hash/5a18e133cbf9f257297f410bb7eca942-Abstract.html,NeurIPS official proceedings metadata,Publisher page verified; no DOI claimed,original conference proceedings page
Deep learning,02 networks,Batch Normalization: Accelerating Deep Network Training by Reducing Internal Covariate Shift,Sergey Ioffe; Christian Szegedy,2015,International Conference on Machine Learning,proceedings-article,,https://proceedings.mlr.press/v37/ioffe15.html,PMLR official proceedings metadata,Publisher page verified; no DOI claimed,original conference proceedings page
Deep learning,02 networks,Deep Residual Learning for Image Recognition,Kaiming He; Xiangyu Zhang; Shaoqing Ren; Jian Sun,2016,2016 IEEE Conference on Computer Vision and Pattern Recognition (CVPR),proceedings-article,10.1109/cvpr.2016.90,https://doi.org/10.1109/cvpr.2016.90,Crossref API DOI record,Provisional educational/historical selection; publisher version review pending,published DOI record; original-version relationship pending review
Deep learning,02 networks,Attention is All you Need,"Vaswani, Ashish; Shazeer, Noam; Parmar, Niki; Uszkoreit, Jakob; Jones, Llion; Gomez, Aidan N.; Kaiser, Łukasz; Polosukhin, Illia",2017,Advances in Neural Information Processing Systems,proceedings-article,,https://proceedings.neurips.cc/paper_files/paper/2017/hash/3f5ee243547dee91fbd053c1c4a845aa-Abstract.html,NeurIPS official proceedings metadata,Publisher page verified; no DOI claimed,original conference proceedings page
Deep learning,02 networks,BERT: Pre-training of Deep Bidirectional Transformers for Language Understanding,Jacob Devlin; Ming-Wei Chang; Kenton Lee; Kristina Toutanova,2019,"Proceedings of the 2019 Conference of the North American Chapter of the Association for Computational Linguistics: Human Language Technologies, Volume 1 (Long and Short Papers)",proceedings-article,10.18653/v1/n19-1423,https://doi.org/10.18653/v1/n19-1423,Crossref API DOI record,Provisional educational/historical selection; publisher version review pending,published DOI record; original-version relationship pending review
Deep learning,02 networks,Denoising Diffusion Probabilistic Models,"Ho, Jonathan; Jain, Ajay; Abbeel, Pieter",2020,Advances in Neural Information Processing Systems,proceedings-article,,https://proceedings.neurips.cc/paper_files/paper/2020/hash/4c5bcfec8584af0d967f1ab10179ca4b-Abstract.html,NeurIPS official proceedings metadata,Publisher page verified; no DOI claimed,original conference proceedings page
Deep learning,02 networks,Learning Transferable Visual Models From Natural Language Supervision,Alec Radford; Jong Wook Kim; Chris Hallacy; Aditya Ramesh; Gabriel Goh; Sandhini Agarwal; Girish Sastry; Amanda Askell; Pamela Mishkin; Jack Clark; Gretchen Krueger; Ilya Sutskever,2021,International Conference on Machine Learning,proceedings-article,,https://proceedings.mlr.press/v139/radford21a.html,PMLR official proceedings metadata,Publisher page verified; no DOI claimed,original conference proceedings page
Deep learning,02 networks,High-Resolution Image Synthesis with Latent Diffusion Models,Robin Rombach; Andreas Blattmann; Dominik Lorenz; Patrick Esser; Bjorn Ommer,2022,2022 IEEE/CVF Conference on Computer Vision and Pattern Recognition (CVPR),proceedings-article,10.1109/cvpr52688.2022.01042,https://doi.org/10.1109/cvpr52688.2022.01042,Crossref API DOI record,Provisional educational/historical selection; publisher version review pending,published DOI record; original-version relationship pending review
Computer architecture,03 architecture,The case for the reduced instruction set computer,David A. Patterson; David R. Ditzel,1980,ACM SIGARCH Computer Architecture News,journal-article,10.1145/641914.641917,https://doi.org/10.1145/641914.641917,Crossref API DOI record,Provisional educational/historical selection; publisher version review pending,published DOI record; original-version relationship pending review
Computer architecture,03 architecture,The case for a single-chip multiprocessor,Kunle Olukotun; Basem A. Nayfeh; Lance Hammond; Ken Wilson; Kunyung Chang,1996,Proceedings of the seventh international conference on Architectural support for programming languages and operating systems,proceedings-article,10.1145/237090.237140,https://doi.org/10.1145/237090.237140,Crossref API DOI record,Provisional educational/historical selection; publisher version review pending,published DOI record; original-version relationship pending review
Computer architecture,03 architecture,"The SimpleScalar tool set, version 2.0",Doug Burger; Todd M. Austin,1997,ACM SIGARCH Computer Architecture News,journal-article,10.1145/268806.268810,https://doi.org/10.1145/268806.268810,Crossref API DOI record,Provisional educational/historical selection; publisher version review pending,published DOI record; original-version relationship pending review
Computer architecture,03 architecture,The Stanford FLASH multiprocessor,Jeffrey Kuskin; David Ofelt; Mark Heinrich; John Heinlein; Richard Simoni; K. Gharachorloo; J. Chapin; D. Nakahira; J. Baxter; M. Horowitz; A. Gupta; M. Rosenblum; J. Hennessy,1998,25 years of the international symposia on Computer architecture (selected papers),proceedings-article,10.1145/285930.286007,https://doi.org/10.1145/285930.286007,Crossref API DOI record,Provisional educational/historical selection; publisher version review pending,published DOI record; original-version relationship pending review
Computer architecture,03 architecture,The Google file system,Sanjay Ghemawat; Howard Gobioff; Shun-Tak Leung,2003,ACM SIGOPS Operating Systems Review,journal-article,10.1145/1165389.945450,https://doi.org/10.1145/1165389.945450,Crossref API DOI record,Provisional educational/historical selection; publisher version review pending,published DOI record; original-version relationship pending review
Computer architecture,03 architecture,Roofline,Samuel Williams; Andrew Waterman; David Patterson,2009,Communications of the ACM,journal-article,10.1145/1498765.1498785,https://doi.org/10.1145/1498765.1498785,Crossref API DOI record,Provisional educational/historical selection; publisher version review pending,published DOI record; original-version relationship pending review
Computer architecture,03 architecture,Dark silicon and the end of multicore scaling,Hadi Esmaeilzadeh; Emily Blem; Renee St. Amant; Karthikeyan Sankaralingam; Doug Burger,2011,Proceedings of the 38th annual international symposium on Computer architecture,proceedings-article,10.1145/2000064.2000108,https://doi.org/10.1145/2000064.2000108,Crossref API DOI record,Provisional educational/historical selection; publisher version review pending,published DOI record; original-version relationship pending review
Computer architecture,03 architecture,In-Datacenter Performance Analysis of a Tensor Processing Unit,Norman P. Jouppi; Cliff Young; Nishant Patil; David Patterson; Gaurav Agrawal; Raminder Bajwa; Sarah Bates; Suresh Bhatia; Nan Boden; Al Borchers; Rick Boyle; Pierre-luc Cantin; Clifford Chao; Chris Clark; Jeremy Coriell; Mike Daley; Matt Dau; Jeffrey Dean; Ben Gelb; Tara Vazir Ghaemmaghami; Rajendra Gottipati; William Gulland; Robert Hagmann; C. Richard Ho; Doug Hogberg; John Hu; Robert Hundt; Dan Hurt; Julian Ibarz; Aaron Jaffey; Alek Jaworski; Alexander Kaplan; Harshit Khaitan; Daniel Killebrew; Andy Koch; Naveen Kumar; Steve Lacy; James Laudon; James Law; Diemthu Le; Chris Leary; Zhuyuan Liu; Kyle Lucke; Alan Lundin; Gordon MacKean; Adriana Maggiore; Maire Mahony; Kieran Miller; Rahul Nagarajan; Ravi Narayanaswami; Ray Ni; Kathy Nix; Thomas Norrie; Mark Omernick; Narayana Penukonda; Andy Phelps; Jonathan Ross; Matt Ross; Amir Salek; Emad Samadiani; Chris Severn; Gregory Sizikov; Matthew Snelham; Jed Souter; Dan Steinberg; Andy Swing; Mercedes Tan; Gregory Thorson; Bo Tian; Horia Toma; Erick Tuttle; Vijay Vasudevan; Richard Walter; Walter Wang; Eric Wilcox; Doe Hyun Yoon,2017,Proceedings of the 44th Annual International Symposium on Computer Architecture,proceedings-article,10.1145/3079856.3080246,https://doi.org/10.1145/3079856.3080246,Crossref API DOI record,Provisional educational/historical selection; publisher version review pending,published DOI record; original-version relationship pending review
Computer architecture,03 architecture,A domain-specific architecture for deep neural networks,Norman P. Jouppi; Cliff Young; Nishant Patil; David Patterson,2018,Communications of the ACM,journal-article,10.1145/3154484,https://doi.org/10.1145/3154484,Crossref API DOI record,Provisional educational/historical selection; publisher version review pending,published DOI record; original-version relationship pending review
Digital IC and VLSI,04 circuits,A Suggestion for a Fast Multiplier,C. S. Wallace,1964,IEEE Transactions on Electronic Computers,journal-article,10.1109/pgec.1964.263830,https://doi.org/10.1109/pgec.1964.263830,Crossref API DOI record,Provisional educational/historical selection; publisher version review pending,published DOI record; original-version relationship pending review
Digital IC and VLSI,04 circuits,A Parallel Algorithm for the Efficient Solution of a General Class of Recurrence Equations,Peter M. Kogge; Harold S. Stone,1973,IEEE Transactions on Computers,journal-article,10.1109/tc.1973.5009159,https://doi.org/10.1109/tc.1973.5009159,Crossref API DOI record,Provisional educational/historical selection; publisher version review pending,published DOI record; original-version relationship pending review
Digital IC and VLSI,04 circuits,A Regular Layout for Parallel Adders,Brent; Kung,1982,IEEE Transactions on Computers,journal-article,10.1109/tc.1982.1675982,https://doi.org/10.1109/tc.1982.1675982,Crossref API DOI record,Provisional educational/historical selection; publisher version review pending,published DOI record; original-version relationship pending review
Digital IC and VLSI,04 circuits,Low-power CMOS digital design,A.P. Chandrakasan; S. Sheng; R.W. Brodersen,1992,IEEE Journal of Solid-State Circuits,journal-article,10.1109/4.126534,https://doi.org/10.1109/4.126534,Crossref API DOI record,Provisional educational/historical selection; publisher version review pending,published DOI record; original-version relationship pending review
Digital IC and VLSI,04 circuits,FinFET-a self-aligned double-gate MOSFET scalable to 20 nm,Chenming Hu; J. Bokor; Tsu-Jae King; E. Anderson; C. Kuo; K. Asano; H. Takeuchi; J. Kedzierski; Wen-Chin Lee; D. Hisamoto,2000,IEEE Transactions on Electron Devices,journal-article,10.1109/16.887014,https://doi.org/10.1109/16.887014,Crossref API DOI record,Provisional educational/historical selection; publisher version review pending,published DOI record; original-version relationship pending review
Digital IC and VLSI,04 circuits,Razor: a low-power pipeline based on circuit-level timing speculation,D. Ernst; Nam Sung Kim; S. Das; S. Pant; R. Rao; Toan Pham; C. Ziesler; D. Blaauw; T. Austin; K. Flautner; T. Mudge,2003,"Proceedings. 36th Annual IEEE/ACM International Symposium on Microarchitecture, 2003. MICRO-36.",proceedings-article,10.1109/micro.2003.1253179,https://doi.org/10.1109/micro.2003.1253179,Crossref API DOI record,Provisional educational/historical selection; publisher version review pending,published DOI record; original-version relationship pending review
Digital IC and VLSI,04 circuits,FinFETs: From Devices to Architectures,Debajit Bhattacharya; Niraj K. Jha,2014,Advances in Electronics,journal-article,10.1155/2014/365689,https://doi.org/10.1155/2014/365689,Crossref API DOI record,Provisional educational/historical selection; publisher version review pending,published DOI record; original-version relationship pending review
EDA,05 design automation,A Linear-Time Heuristic for Improving Network Partitions,C.M. Fiduccia; R.M. Mattheyses,1982,19th Design Automation Conference,proceedings-article,10.1109/dac.1982.1585498,https://doi.org/10.1109/dac.1982.1585498,Crossref API DOI record,Provisional educational/historical selection; publisher version review pending,published DOI record; original-version relationship pending review
EDA,05 design automation,Graph-Based Algorithms for Boolean Function Manipulation,Bryant,1986,IEEE Transactions on Computers,journal-article,10.1109/tc.1986.1676819,https://doi.org/10.1109/tc.1986.1676819,Crossref API DOI record,Provisional educational/historical selection; publisher version review pending,published DOI record; original-version relationship pending review
EDA,05 design automation,TimberWolf3.2: A New Standard Cell Placement and Global Routing Package,C. Sechen; A. Sangiovanni-Vincentelli,1986,23rd ACM/IEEE Design Automation Conference,proceedings-article,10.1109/dac.1986.1586125,https://doi.org/10.1109/dac.1986.1586125,Crossref API DOI record,Provisional educational/historical selection; publisher version review pending,published DOI record; original-version relationship pending review
EDA,05 design automation,GRASP-A new search algorithm for satisfiability,J.P. Marques Silva; K.A. Sakallah,1996,Proceedings of International Conference on Computer Aided Design,proceedings-article,10.1109/iccad.1996.569607,https://doi.org/10.1109/iccad.1996.569607,IEEE Xplore page + Crossref DOI record,Original conference version selected over later journal version,original conference proceedings paper
EDA,05 design automation,Chaff,Matthew W. Moskewicz; Conor F. Madigan; Ying Zhao; Lintao Zhang; Sharad Malik,2001,Proceedings of the 38th conference on Design automation  - DAC '01,proceedings-article,10.1145/378239.379017,https://doi.org/10.1145/378239.379017,Crossref API DOI record,Provisional educational/historical selection; publisher version review pending,published DOI record; original-version relationship pending review
EDA,05 design automation,FastPlace,Natarajan Viswanathan; Chris Chong-Nuen Chu,2004,Proceedings of the 2004 international symposium on Physical design,proceedings-article,10.1145/981066.981072,https://doi.org/10.1145/981066.981072,Crossref API DOI record,Original conference version selected over later journal version,original conference proceedings paper
EDA,05 design automation,The ISPD-2011 routability-driven placement contest and benchmark suite,Natarajan Viswanathan; Charles J. Alpert; Cliff Sze; Zhuo Li; Gi-Joon Nam; Jarrod A. Roy,2011,Proceedings of the 2011 international symposium on Physical design,proceedings-article,10.1145/1960397.1960429,https://doi.org/10.1145/1960397.1960429,Crossref API DOI record,Provisional educational/historical selection; publisher version review pending,published DOI record; original-version relationship pending review
EDA,05 design automation,Overview of the OpenROAD Digital Design Flow from RTL to GDS,Sherief Reda,2020,"2020 International Symposium on VLSI Design, Automation and Test (VLSI-DAT)",proceedings-article,10.1109/vlsi-dat49148.2020.9196319,https://doi.org/10.1109/vlsi-dat49148.2020.9196319,Crossref API DOI record,Provisional educational/historical selection; publisher version review pending,published DOI record; original-version relationship pending review
EDA,05 design automation,A graph placement methodology for fast chip design,Azalia Mirhoseini; Anna Goldie; Mustafa Yazgan; Joe Wenjie Jiang; Ebrahim Songhori; Shen Wang; Young-Joon Lee; Eric Johnson; Omkar Pathak; Azade Nova; Jiwoo Pak; Andy Tong; Kavya Srinivasa; William Hang; Emre Tuncer; Quoc V. Le; James Laudon; Richard Ho; Roger Carpenter; Jeff Dean,2021,Nature,journal-article,10.1038/s41586-021-03544-w,https://doi.org/10.1038/s41586-021-03544-w,Crossref API DOI record,Provisional educational/historical selection; publisher version review pending,published DOI record; original-version relationship pending review
AI accelerators,06 AI hardware,DaDianNao: A Machine-Learning Supercomputer,Yunji Chen; Tao Luo; Shaoli Liu; Shijin Zhang; Liqiang He; Jia Wang; Ling Li; Tianshi Chen; Zhiwei Xu; Ninghui Sun; Olivier Temam,2014,2014 47th Annual IEEE/ACM International Symposium on Microarchitecture,proceedings-article,10.1109/micro.2014.58,https://doi.org/10.1109/micro.2014.58,Crossref API DOI record,Provisional educational/historical selection; publisher version review pending,published DOI record; original-version relationship pending review
AI accelerators,06 AI hardware,DianNao,Tianshi Chen; Zidong Du; Ninghui Sun; Jia Wang; Chengyong Wu; Yunji Chen; Olivier Temam,2014,Proceedings of the 19th international conference on Architectural support for programming languages and operating systems,proceedings-article,10.1145/2541940.2541967,https://doi.org/10.1145/2541940.2541967,Crossref API DOI record,Provisional educational/historical selection; publisher version review pending,published DOI record; original-version relationship pending review
AI accelerators,06 AI hardware,PuDianNao,Daofu Liu; Tianshi Chen; Shaoli Liu; Jinhong Zhou; Shengyuan Zhou; Olivier Teman; Xiaobing Feng; Xuehai Zhou; Yunji Chen,2015,Proceedings of the Twentieth International Conference on Architectural Support for Programming Languages and Operating Systems,proceedings-article,10.1145/2694344.2694358,https://doi.org/10.1145/2694344.2694358,Crossref API DOI record,Provisional educational/historical selection; publisher version review pending,published DOI record; original-version relationship pending review
AI accelerators,06 AI hardware,Cambricon-X: An accelerator for sparse neural networks,Shijin Zhang; Zidong Du; Lei Zhang; Huiying Lan; Shaoli Liu; Ling Li; Qi Guo; Tianshi Chen; Yunji Chen,2016,2016 49th Annual IEEE/ACM International Symposium on Microarchitecture (MICRO),proceedings-article,10.1109/micro.2016.7783723,https://doi.org/10.1109/micro.2016.7783723,Crossref API DOI record,Provisional educational/historical selection; publisher version review pending,published DOI record; original-version relationship pending review
AI accelerators,06 AI hardware,Eyeriss: A Spatial Architecture for Energy-Efficient Dataflow for Convolutional Neural Networks,Yu-Hsin Chen; Joel Emer; Vivienne Sze,2016,2016 ACM/IEEE 43rd Annual International Symposium on Computer Architecture (ISCA),proceedings-article,10.1109/isca.2016.40,https://doi.org/10.1109/isca.2016.40,Crossref API DOI record,Provisional educational/historical selection; publisher version review pending,published DOI record; original-version relationship pending review
AI accelerators,06 AI hardware,SCNN,Angshuman Parashar; Minsoo Rhu; Anurag Mukkara; Antonio Puglielli; Rangharajan Venkatesan; Brucek Khailany; Joel Emer; Stephen W. Keckler; William J. Dally,2017,Proceedings of the 44th Annual International Symposium on Computer Architecture,proceedings-article,10.1145/3079856.3080254,https://doi.org/10.1145/3079856.3080254,Crossref API DOI record,Provisional educational/historical selection; publisher version review pending,published DOI record; original-version relationship pending review
AI accelerators,06 AI hardware,MAERI,Hyoukjun Kwon; Ananda Samajdar; Tushar Krishna,2018,Proceedings of the Twenty-Third International Conference on Architectural Support for Programming Languages and Operating Systems,proceedings-article,10.1145/3173162.3173176,https://doi.org/10.1145/3173162.3173176,Crossref API DOI record,Provisional educational/historical selection; publisher version review pending,published DOI record; original-version relationship pending review
AI accelerators,06 AI hardware,Eyeriss v2: A Flexible Accelerator for Emerging Deep Neural Networks on Mobile Devices,Yu-Hsin Chen; Tien-Ju Yang; Joel S. Emer; Vivienne Sze,2019,IEEE Journal on Emerging and Selected Topics in Circuits and Systems,journal-article,10.1109/jetcas.2019.2910232,https://doi.org/10.1109/jetcas.2019.2910232,Crossref API DOI record,Provisional educational/historical selection; publisher version review pending,published DOI record; original-version relationship pending review
Compute-in-memory,07 memory computing,Memristor−CMOS Hybrid Integrated Circuits for Reconfigurable Logic,Qiangfei Xia; Warren Robinett; Michael W. Cumbie; Neel Banerjee; Thomas J. Cardinali; J. Joshua Yang; Wei Wu; Xuema Li; William M. Tong; Dmitri B. Strukov; Gregory S. Snider; Gilberto Medeiros-Ribeiro; R. Stanley Williams,2009,Nano Letters,journal-article,10.1021/nl901874j,https://doi.org/10.1021/nl901874j,Crossref API DOI record,Provisional educational/historical selection; publisher version review pending,published DOI record; original-version relationship pending review
Compute-in-memory,07 memory computing,ISAAC: A Convolutional Neural Network Accelerator with In-Situ Analog Arithmetic in Crossbars,Ali Shafiee; Anirban Nag; Naveen Muralimanohar; Rajeev Balasubramonian; John Paul Strachan; Miao Hu; R. Stanley Williams; Vivek Srikumar,2016,2016 ACM/IEEE 43rd Annual International Symposium on Computer Architecture (ISCA),proceedings-article,10.1109/isca.2016.12,https://doi.org/10.1109/isca.2016.12,Crossref API DOI record,Provisional educational/historical selection; publisher version review pending,published DOI record; original-version relationship pending review
Compute-in-memory,07 memory computing,PRIME: A Novel Processing-in-Memory Architecture for Neural Network Computation in ReRAM-Based Main Memory,Ping Chi; Shuangchen Li; Cong Xu; Tao Zhang; Jishen Zhao; Yongpan Liu; Yu Wang; Yuan Xie,2016,2016 ACM/IEEE 43rd Annual International Symposium on Computer Architecture (ISCA),proceedings-article,10.1109/isca.2016.13,https://doi.org/10.1109/isca.2016.13,Crossref API DOI record,Provisional educational/historical selection; publisher version review pending,published DOI record; original-version relationship pending review
Compute-in-memory,07 memory computing,In-memory computing with resistive switching devices,Daniele Ielmini; H.-S. Philip Wong,2018,Nature Electronics,journal-article,10.1038/s41928-018-0092-2,https://doi.org/10.1038/s41928-018-0092-2,Crossref API DOI record,Provisional educational/historical selection; publisher version review pending,published DOI record; original-version relationship pending review
Compute-in-memory,07 memory computing,XNOR-SRAM: In-Memory Computing SRAM Macro for Binary/Ternary Deep Neural Networks,Zhewei Jiang; Shihui Yin; Mingoo Seok; Jae-sun Seo,2018,2018 IEEE Symposium on VLSI Technology,proceedings-article,10.1109/vlsit.2018.8510687,https://doi.org/10.1109/vlsit.2018.8510687,Crossref API DOI record,Provisional educational/historical selection; publisher version review pending,published DOI record; original-version relationship pending review
Compute-in-memory,07 memory computing,A compute-in-memory chip based on resistive random-access memory,Weier Wan; Rajkumar Kubendran; Clemens Schaefer; Sukru Burc Eryilmaz; Wenqiang Zhang; Dabin Wu; Stephen Deiss; Priyanka Raina; He Qian; Bin Gao; Siddharth Joshi; Huaqiang Wu; H.-S. Philip Wong; Gert Cauwenberghs,2022,Nature,journal-article,10.1038/s41586-022-04992-8,https://doi.org/10.1038/s41586-022-04992-8,Crossref API DOI record,Provisional educational/historical selection; publisher version review pending,published DOI record; original-version relationship pending review
